customerID,PredictedChurn,ChurnProbability,PredictedChurnLabel
4376-KFVRS,0,0.03490002308225496,No
2754-SDJRD,1,0.788253814389229,Yes
9917-KWRBE,0,0.11790826759276028,No
0365-GXEZS,1,0.6639267285788052,Yes
9385-NXKDA,0,0.015964568809023968,No
4686-UXDML,1,0.7521907844805495,Yes
2227-JRSJX,1,0.7300407312771825,Yes
4830-FAXFM,0,0.21337379509523516,No
1830-IPXVJ,0,0.006607657643334995,No
4690-LLKUA,0,0.46844369457635837,No
5804-HYIEZ,1,0.554538421806878,Yes
2388-LAESQ,0,0.04054437840385779,No
5533-RJFTJ,0,0.1930891731391459,No
4706-AXVKM,1,0.758892971026078,Yes
0997-YTLNY,0,0.41304468218597673,No
7971-HLVXI,0,0.04077210862294653,No
7337-CINUD,0,0.03077471339054058,No
1379-FRVEB,1,0.756681275005644,Yes
4753-PADAS,0,0.29672937320203346,No
5701-GUXDC,0,0.054745046534728635,No
7235-NXZCP,1,0.7801657627727506,Yes
0668-OGMHD,0,0.33777341824430884,No
2812-REYAT,0,0.024964884148867456,No
8779-YIQQA,0,0.053369074083366635,No
9701-CDXHR,0,0.3490441435473584,No
7130-CTCUS,0,0.47082450499407597,No
1894-IGFSG,1,0.7288873280127972,Yes
0871-URUWO,1,0.7683607445153285,Yes
0057-QBUQH,0,0.02278856293714512,No
9611-CTWIH,1,0.9026578569131493,Yes
8058-DMYRU,0,0.42366379955241085,No
5351-QESIO,1,0.6722821813170817,Yes
4302-ZYFEL,0,0.013170439160921176,No
6134-KWTBV,0,0.010158389588028035,No
2034-GDRCN,1,0.9194823597935509,Yes
9544-PYPSJ,0,0.32046810768786865,No
4208-UFFGW,1,0.6559134901660113,Yes
9537-JALFH,0,0.006483463019459322,No
4415-IJZTP,1,0.9472166312040762,Yes
4701-MLJPN,0,0.21602773936087674,No
7515-LODFU,0,0.0066129369758143606,No
4927-WWOOZ,1,0.9006424963845134,Yes
4067-HLYQI,1,0.6833254808086556,Yes
6184-DYUOB,0,0.28967243098689816,No
9209-NWPGU,0,0.14025869556171783,No
9851-KIELU,1,0.7721511550054353,Yes
3199-XGZCY,1,0.8036370523310018,Yes
4226-KKDON,0,0.39419645823602995,No
1085-LDWAM,0,0.012899929511745874,No
6825-UYPFK,1,0.5531927553007082,Yes
1767-CJKBA,0,0.008529436713795283,No
7181-BQYBV,1,0.7541369342026082,Yes
0178-CIIKR,1,0.5317330341185307,Yes
4256-ZWTZI,1,0.5680929513811955,Yes
9537-VHDTA,1,0.7497473920627292,Yes
2754-XBHTB,1,0.8453476826040652,Yes
5975-BAICR,0,0.13497169392612804,No
3301-VKTGC,0,0.12909296452707217,No
2877-VDUER,0,0.06588429257114813,No
7717-BICXI,0,0.0063074427662909134,No
0562-FGDCR,0,0.01315116623076032,No
3705-PSNGL,0,0.028398688057424817,No
0048-LUMLS,0,0.28645867782863776,No
6497-TILVL,0,0.4984216210549491,No
2108-YKQTY,1,0.6188335532060553,Yes
3658-KIBGF,1,0.6142284746190704,Yes
5482-NUPNA,0,0.30436014943559875,No
7410-KTVFV,0,0.4155967771596525,No
9033-EOXWV,0,0.1763992703059997,No
8821-XNHVZ,1,0.9628685188574014,Yes
8224-KDLKN,0,0.005318479973685932,No
4825-FUREZ,0,0.010194791213755439,No
7534-BFESC,0,0.4691458903304855,No
9138-EFSMO,0,0.1844386180180065,No
4227-OJHAL,0,0.13261492399051097,No
7279-NMVJC,0,0.05480171855468816,No
8591-TKMZH,0,0.19753062238211014,No
9283-LZQOH,1,0.7027746217409381,Yes
3594-IVHJZ,0,0.23926172958316325,No
1945-XISKS,0,0.013829641479487296,No
4359-INNWN,0,0.05185709306554672,No
7649-SIJJF,0,0.016573890229514433,No
9254-RBFON,0,0.33349033755519164,No
0970-ETWGE,1,0.920662327647135,Yes
7762-ONLJY,0,0.11348886698112985,No
6710-HSJRD,0,0.27825707191491966,No
8873-GLDMH,1,0.8503409532090679,Yes
9907-SWKKF,1,0.8245674131472988,Yes
4658-HCOHW,1,0.7543362529590966,Yes
9330-VOFSZ,0,0.18101196136137898,No
2860-RANUS,1,0.6313603773413239,Yes
6234-PFPXL,1,0.6989988715085942,Yes
7205-BAIAD,0,0.010607999815483474,No
3858-VOBET,1,0.6247634590047965,Yes
5103-MHMHY,1,0.8330107197922935,Yes
6119-SPUDB,0,0.034642091970028197,No
9389-ACWBI,1,0.8218104477325197,Yes
3454-JFUBC,0,0.007298758556397201,No
1768-ZAIFU,1,0.8511231467716285,Yes
7017-VFULY,0,0.23059584466513564,No
9221-OTIVJ,1,0.6757197796969852,Yes
2482-CZGBB,1,0.7650306901298629,Yes
7018-WBJNK,1,0.7350969937180286,Yes
3331-HQDTW,0,0.38501015242738784,No
4695-VADHF,0,0.40991027972462984,No
4086-WITJG,0,0.006630507587312919,No
6297-NOOPG,0,0.33619419217367313,No
8777-PVYGU,0,0.0861663097032749,No
4378-MYPGO,0,0.16935167668463183,No
9313-CDOGY,0,0.09081452091856734,No
4121-AGSIN,0,0.03281252805931519,No
0432-CAJZV,1,0.8893466533006772,Yes
9097-ZUBYC,0,0.4782624676616735,No
9638-JIQYA,1,0.7481253601443072,Yes
1024-GUALD,1,0.833848501675334,Yes
8024-XNAFQ,0,0.05469281581166661,No
7587-RZNME,1,0.6760252555576943,Yes
1346-UFHAX,1,0.6687242750251231,Yes
6374-NTQLP,0,0.06738821770194912,No
6625-FLENO,0,0.007397090959074262,No
7375-WMVMT,0,0.04523588777962081,No
6910-HADCM,1,0.9616342084069863,Yes
7401-JIXNM,0,0.03627218159264726,No
7338-ERIVA,0,0.06413241295383776,No
5376-DEQCP,1,0.9501359233571041,Yes
0909-SELIE,0,0.03420436383486219,No
5419-KLXBN,1,0.6734034243689014,Yes
0365-TRTPY,1,0.5059113215337224,Yes
6712-OAWRH,1,0.69595728623979,Yes
2428-ZMCTB,0,0.19530816760570635,No
1963-VAUKV,0,0.37526226719405575,No
9381-NDKME,0,0.3883471261985861,No
3729-OWRVL,0,0.0744220961621765,No
0895-LMRSF,0,0.13967471013029395,No
2676-SSLTO,0,0.0356681473796197,No
8495-PRWFH,0,0.2627799186699564,No
9030-QGZNL,0,0.0322139166837546,No
9972-NKTFD,0,0.19897623054493396,No
7998-WNZEM,0,0.01594514563451664,No
0979-PHULV,1,0.5699045367647465,Yes
6445-TNRXS,0,0.10830156132415943,No
9586-JGQKH,0,0.20853336832374894,No
3966-HRMZA,1,0.7464846891159121,Yes
5498-IBWPI,0,0.06460576936992483,No
6823-SIDFQ,0,0.02755734204680059,No
2323-ARSVR,0,0.10260372167963001,No
5468-BPMMO,0,0.11334648451455313,No
0486-HECZI,0,0.4699327433948117,No
2178-PMGCJ,1,0.6726955321113293,Yes
4660-IRIBM,1,0.7048899746950145,Yes
9674-EHPPG,0,0.03523381823397981,No
5606-AMZBO,1,0.7897146588967933,Yes
0665-XHDJU,0,0.04170337022070025,No
5402-HTOTQ,0,0.4420005295462997,No
8258-GSTJK,1,0.8766458903544598,Yes
3787-TRIAL,0,0.4847223290624452,No
6175-IRFIT,1,0.8786559389253749,Yes
6317-YPKDH,1,0.5531825590261249,Yes
5692-FPTAH,1,0.8424242167599895,Yes
5373-SFODM,1,0.6600058517148472,Yes
0868-VJRDR,0,0.0923516060310698,No
4079-VTGLK,0,0.04803689484450322,No
1166-PQLGG,0,0.00471059687172245,No
5296-BFCYD,0,0.009093757655181996,No
6568-POCUI,0,0.14458198264261438,No
2839-RFSQE,0,0.3249147385770727,No
2188-SXWVT,0,0.07295357722292213,No
8849-GYOKR,1,0.600718382034186,Yes
3623-FQBOX,0,0.11688636197630871,No
2649-HWLYB,0,0.03859925726853763,No
0599-XNYDO,1,0.5959896330811718,Yes
2514-GINMM,1,0.9676935054265839,Yes
8401-EMUWF,0,0.19752468228305942,No
5766-ZJYBB,0,0.4926621147915517,No
2604-IJPDU,1,0.7360277562503148,Yes
2501-XWWTZ,1,0.6864752458842669,Yes
6370-ZVHDV,0,0.008665590513197102,No
3027-YNWZU,0,0.010880216802535148,No
4526-ZJJTM,1,0.6727173969701243,Yes
0440-QEXBZ,0,0.21093581767074687,No
0330-IVZHA,1,0.817687406604492,Yes
9758-MFWGD,0,0.07150277992991044,No
4229-CZMLL,1,0.8523468916135727,Yes
0742-MOABM,1,0.6907956905249298,Yes
4277-BWBML,0,0.006260729562678899,No
5136-GFPMB,0,0.4658736929403809,No
7520-HQWJU,0,0.11814475382479772,No
6304-IJFSQ,1,0.639029188616877,Yes
0297-RBCSG,0,0.12485670352678602,No
6013-BHCAW,0,0.03775787123583754,No
4402-FTBXC,1,0.5277965942698196,Yes
1471-GIQKQ,0,0.4412327892029165,No
4283-FUTGF,1,0.5724260815595762,Yes
9548-LERKT,0,0.014314860720240463,No
8059-UDZFY,1,0.5962119974166712,Yes
0410-IPFTY,1,0.6717592396030453,Yes
2478-EEWWM,0,0.28946189904547054,No
4619-EVPHY,0,0.2802703172266544,No
2277-DJJDL,1,0.5445232465158013,Yes
2911-WDXMV,1,0.5756526567063106,Yes
3639-XJHKQ,0,0.3462038490228869,No
8173-RXAYP,0,0.014099465658340887,No
4537-CIBHB,0,0.09548777567544368,No
5442-BXVND,0,0.1925014228543734,No
2308-STERM,0,0.3181120991810588,No
7159-NOKYQ,0,0.060803797220252635,No
6075-QMNRR,0,0.20078368291883306,No
3694-GLTJM,0,0.23989987145115546,No
9629-NHXFW,1,0.5641360690529668,Yes
7167-PCEYD,0,0.0065758082301103195,No
2748-MYRVK,0,0.2781109684938983,No
4223-WOZCM,1,0.6839401682081824,Yes
6946-LMSQS,0,0.33952296715108615,No
5469-NUJUR,0,0.0180508153719532,No
6388-TABGU,0,0.07002446732413432,No
1261-FWTTE,0,0.37556526762866854,No
8590-YFFQO,0,0.028571531588765565,No
0082-OQIQY,1,0.7069497569715458,Yes
9465-RWMXL,1,0.6457724694287711,Yes
2930-UOTMB,0,0.20027869572582294,No
9128-CPXKI,0,0.20391497130800673,No
0484-FFVBJ,0,0.13055199042721674,No
1100-DDVRV,0,0.38651134433643436,No
9313-QOLTZ,0,0.0987907502611754,No
3338-CVVEH,1,0.8482505016925136,Yes
1131-SUEKT,0,0.2524674482474594,No
7602-DBTOU,0,0.005089085309313596,No
1385-TQOZW,0,0.22492778141504402,No
6892-XPFPU,1,0.7592497566299509,Yes
4115-NZRKS,1,0.8169560356252777,Yes
5514-YQENT,0,0.35362861393852735,No
6319-IEJWJ,1,0.7986932828131991,Yes
8849-AYPTR,1,0.6875842476163058,Yes
5893-PYOLZ,0,0.043435632510493837,No
7180-PISOG,1,0.9472166312040762,Yes
8443-ZRDBZ,1,0.8562840834083493,Yes
9079-YEXQJ,0,0.38833314271714375,No
3780-YVMFA,1,0.5142530044462488,Yes
6968-MHOMU,0,0.06410777237204339,No
0899-LIIBW,1,0.6546084659159529,Yes
3677-IYRBF,1,0.6104222440813217,Yes
8393-DLHGA,1,0.806583693037704,Yes
7691-XVTZH,0,0.05039823537101926,No
5360-LJCNJ,0,0.16259695441487865,No
3891-PUQOD,1,0.6412618702714301,Yes
0952-KMEEH,1,0.6942379075568986,Yes
4919-IKATY,1,0.8549756720282374,Yes
9746-UGFAC,0,0.04432454851516137,No
9108-EQPNQ,0,0.031981110653328086,No
0531-ZZJWQ,0,0.34254024709024183,No
8763-KIAFH,0,0.038282503079315654,No
5863-OOKCL,0,0.1728470360411218,No
2958-NHPPS,0,0.11519547345987335,No
9530-GRMJG,0,0.025034915270978734,No
1809-DMJHQ,1,0.7370371344121578,Yes
0164-XAIRP,0,0.014723781351572887,No
2926-JEJJC,0,0.21082882409993817,No
1169-WCVAK,1,0.5713252605062106,Yes
1217-VASWC,0,0.3048470517130531,No
2452-KDRRH,0,0.39090508274330044,No
6402-EJMWF,1,0.6081453858209573,Yes
7663-CUXZB,0,0.09276826159421597,No
4312-KFRXN,0,0.006871946570891842,No
3011-WQKSZ,0,0.1640535452942087,No
9747-DDZOS,1,0.7659666676408401,Yes
2091-MJTFX,0,0.17661217702408014,No
0388-EOPEX,1,0.7841892160950215,Yes
3161-ONRWK,0,0.06441446394566468,No
2587-EKXTS,0,0.4045991510666986,No
9752-ZNQUT,1,0.6703548134702397,Yes
9572-WUKSB,1,0.5123812941157833,Yes
3836-FZSDJ,0,0.005972650271367702,No
8805-JNRAZ,1,0.6779339275255724,Yes
3069-SSVSN,0,0.20888215249140438,No
8015-IHCGW,0,0.04466121198559057,No
8132-YPVBX,1,0.9064950817938658,Yes
0235-KGSLC,1,0.9451954844713581,Yes
1302-UHBDD,1,0.5922718495923737,Yes
3722-WPXTK,1,0.924372663462712,Yes
7531-GQHME,0,0.18723821819483888,No
1335-NTIUC,0,0.36111789936273003,No
9367-TCUYN,0,0.1901314189165365,No
1536-HBSWP,1,0.5119224241574697,Yes
8573-JGCZW,0,0.05589159281810518,No
2694-CIUMO,1,0.7307626360049406,Yes
2027-FECZV,1,0.6934438159551272,Yes
9103-TCIHJ,0,0.4351644647884218,No
1545-JFUML,0,0.03863851432129619,No
0524-IAVZO,1,0.6988091501805472,Yes
5519-TEEUH,0,0.03481458585308497,No
6654-QGBZZ,1,0.6106015393591979,Yes
2294-DMMUS,0,0.185947660485737,No
0017-IUDMW,0,0.04370643573213942,No
5018-LXQQG,0,0.2562832265634553,No
5808-TOTXO,0,0.12946856917299124,No
1174-FGIFN,0,0.33157536440481383,No
0730-KOAVE,1,0.5723967118542697,Yes
1218-VKFPE,0,0.1474664251832262,No
5313-FPXWG,0,0.0441703029725339,No
2834-JKOOW,0,0.11894204778087215,No
9430-NKQLY,0,0.007123148665743366,No
0363-QJVFX,0,0.40203070146788816,No
1658-TJVOA,1,0.7827859264725738,Yes
6685-GBWJZ,0,0.06487590607751902,No
6328-ZPBGN,1,0.8234323915721175,Yes
4003-FUSHP,0,0.4657362917870928,No
7690-KPNCU,0,0.09183604853333367,No
2969-WGHQO,0,0.15858194504938533,No
1855-CFULU,0,0.300075989621317,No
9788-YTFGE,0,0.24819641458992311,No
8266-VBFQL,1,0.8937628840811468,Yes
2325-NBPZG,1,0.8135377666524631,Yes
9906-NHHVC,0,0.07929612446748463,No
2541-YGPKE,0,0.10181950735240101,No
5049-MUBWG,0,0.1265628899919201,No
2332-TODQS,0,0.04267423518680578,No
4419-UJMUS,0,0.06639178777674767,No
2233-TXSIU,0,0.12541399527012478,No
6770-XUAGN,1,0.6638148853674286,Yes
2919-HBCJO,1,0.8984299078564955,Yes
9508-ILZDG,1,0.6066894553875001,Yes
5442-BHQNG,1,0.7865673700001098,Yes
7250-EQKIY,1,0.7905875956568647,Yes
6838-HVLXG,0,0.17324027358071628,No
9767-FFLEM,1,0.527687137126383,Yes
2245-ADZFJ,0,0.03976799664224711,No
1150-WFARN,0,0.22137892446889906,No
9054-FOWNV,1,0.7450654213704504,Yes
7997-EASSD,0,0.13438485429389874,No
7560-QJAVJ,0,0.030488466103911985,No
2668-TZSPS,0,0.39136210228522245,No
9139-WQQDY,0,0.27154445402535116,No
6726-NNFWD,0,0.0633437380990124,No
9330-DHBFL,0,0.09341405367030146,No
5727-MYATE,0,0.017405389509677523,No
2824-DXNKN,0,0.018552289653016512,No
6166-ILMNY,1,0.748286897036902,Yes
5236-XMZJY,0,0.2576414568109777,No
1709-EJDOX,0,0.00984594933270248,No
4962-CHQPW,0,0.03491187629448409,No
0301-FIDRB,0,0.010924485168802962,No
1820-TQVEV,1,0.9670508628271692,Yes
9115-YQHGA,0,0.2849385669224305,No
1541-ETJZO,1,0.5313194208499391,Yes
6230-BSUXY,1,0.9393654207501431,Yes
6797-LNAQX,0,0.05788600681044657,No
9588-YRFHY,0,0.007482216389074638,No
1092-GANHU,1,0.7596975576096344,Yes
5951-AOFIH,0,0.31532027850643735,No
7029-RPUAV,1,0.7088232533616322,Yes
4700-UBQMV,0,0.15472275631410493,No
3594-UVONA,0,0.12358150800250163,No
7750-EYXWZ,0,0.15322480027098082,No
7054-ENNGU,0,0.46893620958508925,No
0402-OAMEN,0,0.0067640873787346125,No
2195-VVRJF,0,0.39246319683895514,No
8819-ZBYNA,0,0.25707901700969993,No
7748-UMTRK,1,0.7087247185683987,Yes
1741-WTPON,0,0.11717251205364448,No
7209-JCUDS,1,0.8378766838900454,Yes
2485-ITVKB,1,0.7249487204015134,Yes
9648-BCHKM,0,0.023430207633609857,No
0743-HRVFF,0,0.13084441136227545,No
2522-AHJXR,0,0.27992670944458625,No
9143-CANJF,0,0.2585357119452412,No
1444-VVSGW,0,0.345979295741435,No
6898-MDLZW,0,0.33297526261763427,No
0074-HDKDG,0,0.10062697753921489,No
3982-JGSFD,0,0.030614089894228657,No
7928-VJYAB,1,0.803811614224876,Yes
1522-VVDMG,1,0.8582816223897071,Yes
2665-NPTGL,1,0.683150483492795,Yes
8728-SKJLR,1,0.5881871486092316,Yes
7733-UDMTP,0,0.223991415033204,No
0431-APWVY,0,0.24966896811655945,No
5081-NWSUP,0,0.13690133427724538,No
2746-DIJLO,0,0.19079398468447897,No
7277-OZCGZ,1,0.7456079476236949,Yes
5236-PERKL,0,0.26516265013862095,No
2788-CJQAQ,0,0.05623920097089149,No
3096-WPXBT,0,0.2968437248367744,No
9962-BFPDU,1,0.5664536846287701,Yes
2892-GESUL,0,0.02341228419586615,No
9741-YLNTD,1,0.8773877877301679,Yes
1205-WNWPJ,0,0.4017210455969962,No
3173-NVMPX,0,0.3431751247597847,No
9661-MHUMO,1,0.7185113888803419,Yes
6000-APYLU,1,0.8770729388465085,Yes
0048-PIHNL,0,0.022435016611210015,No
9420-LOJKX,1,0.7485998306213775,Yes
7061-OVMIM,0,0.031218314137299145,No
5671-RQRLP,0,0.03224638825209251,No
5129-JLPIS,1,0.7515598624429273,Yes
5170-PTRKA,0,0.055200288325086645,No
4819-HJPIW,0,0.22055746048478564,No
8780-RSYYU,0,0.08490738382204144,No
2335-GSODA,0,0.04574734218418553,No
5696-CEIQJ,0,0.10227677400696589,No
6169-PPETC,0,0.009342470455162124,No
4237-RLAQD,1,0.8548722945231364,Yes
7359-WWYJV,0,0.03588150445223214,No
8620-RJPZN,1,0.5039936079024189,Yes
7426-WEIJX,0,0.3264763561844965,No
7629-WIXZF,0,0.3622971601973417,No
2616-FLVQC,0,0.007597702089417717,No
9163-GHAYE,1,0.5399965962154464,Yes
4464-JCOLN,0,0.11787219897298035,No
2971-SGAFL,0,0.3806209637676483,No
4735-ASGMA,1,0.755853041300643,Yes
5245-VDBUR,0,0.042721654380900975,No
1493-AMTIE,1,0.7620028870395464,Yes
1112-CUNAO,1,0.6494734950992487,Yes
7571-YXDAD,1,0.8186314249120233,Yes
8714-EUHJO,1,0.6160197794088673,Yes
9040-KZVWO,0,0.1654995382795661,No
6713-OKOMC,0,0.38371131349726334,No
8749-CLJXC,1,0.5664536846287701,Yes
4713-LZDRV,1,0.8603284713272149,Yes
6598-RFFVI,0,0.13480928703137332,No
7470-MCQTK,0,0.346022961136302,No
5524-KHNJP,0,0.12731560944204806,No
1707-HABPF,0,0.2187557660442002,No
4581-LNWUM,0,0.36568259483037563,No
9710-ZUSHQ,1,0.6919709051161869,Yes
1697-LYYYX,0,0.0438945918765088,No
4013-GUXND,1,0.7405837837077888,Yes
5022-JNQEQ,1,0.7439551474783674,Yes
4983-CCWMC,1,0.7982154155414789,Yes
6345-FZOQH,0,0.006477183827407863,No
0962-CQPWQ,0,0.008981914598190373,No
5495-GPSRW,0,0.01737154186635172,No
2252-JHJGE,0,0.3764054628283322,No
7356-AYNJP,0,0.11242909746130288,No
2019-HDCZY,0,0.12211787592580119,No
8582-KRHPJ,0,0.15966394129112296,No
2867-UIMSS,1,0.916265080514528,Yes
3487-EARAT,0,0.09732533221656965,No
9926-PJHDQ,0,0.02442328457979887,No
0289-IVARM,0,0.24629396475340895,No
4672-FOTSD,0,0.3621085003857883,No
6198-PNNSZ,0,0.37250915247098915,No
7603-USHJS,1,0.7333022179376316,Yes
6784-XYJAE,0,0.10230888202523607,No
3858-XHYJO,0,0.3421829649967207,No
1087-UDSIH,0,0.4949372815035846,No
7251-LJBQN,0,0.3809556973588249,No
3200-MNQTF,0,0.02619432460646383,No
9359-UGBTK,0,0.10011875253408203,No
8160-HOWOX,1,0.569981935929378,Yes
0258-NOKBL,1,0.847597097505433,Yes
2800-QQUSO,1,0.769120543758214,Yes
2129-ALKBS,0,0.2297910535246395,No
9972-VAFJJ,0,0.2751574791263259,No
4693-VWVBO,0,0.4130310282639575,No
6969-MVBAI,1,0.8158977297078865,Yes
4821-WQOYN,0,0.007582742221186268,No
6769-DYBQN,1,0.5670668991629965,Yes
4018-PPNDW,0,0.010486453808547134,No
6288-CHQJB,0,0.02147308164423869,No
4905-JEFDW,0,0.2545124408295473,No
0559-CKHUS,0,0.012806098414126338,No
2659-VXMWZ,0,0.22775917580507232,No
6559-RAKOZ,0,0.2770145776617498,No
8809-XKHMD,0,0.0347384793805669,No
6365-HITVU,0,0.015075799484305813,No
0134-XWXCE,0,0.15949016481901027,No
9720-JJJOR,0,0.15448685648473495,No
2782-LFZVW,0,0.33113846082710996,No
6112-KTHFQ,0,0.1531410683825681,No
9220-ZNKJI,0,0.07959187932497645,No
9820-RMCQV,0,0.4400727937822646,No
9013-AQORL,0,0.16991525270037613,No
2040-OBMLJ,0,0.1941627229312863,No
5574-NXZIU,0,0.12204461872502663,No
5446-DKWYW,0,0.10660143674836271,No
0480-KYJVA,0,0.005012598711871988,No
1074-AMIOH,1,0.5692849283480336,Yes
0015-UOCOJ,1,0.5043855782554608,Yes
0256-LTHVJ,1,0.5790962155115306,Yes
4547-LYTDD,1,0.6686519409459337,Yes
1077-HUUJM,1,0.7919512159792824,Yes
2041-JIJCI,0,0.30552063943932767,No
1555-HAPSU,0,0.005549736685322509,No
4323-SADQS,0,0.41936705385066947,No
3292-PBZEJ,1,0.8061717117360772,Yes
6203-HBZPA,0,0.018538966881001328,No
9755-JHNMN,0,0.02484435893072004,No
7369-TRPFD,0,0.04859916858588296,No
9878-TNQGW,1,0.9158769412678868,Yes
2279-AXJJK,1,0.5109737466922452,Yes
5016-IBERQ,1,0.6214693931742067,Yes
1016-DJTSV,1,0.7606759065779265,Yes
8433-WPJTV,0,0.312875458191148,No
8903-XEBGX,1,0.7683366712353075,Yes
2632-TACXW,0,0.010223621429024738,No
7952-OBOYL,1,0.8788907092440953,Yes
1470-PSXNM,0,0.2286929057957757,No
6227-HWPWX,1,0.6002426179130267,Yes
5924-SNGKP,0,0.02905853583375112,No
8818-DOPVL,0,0.46707482275688045,No
4521-WFJAI,0,0.03909943395086727,No
4724-WXVWF,1,0.5696557371478724,Yes
3717-OEAUQ,1,0.8617125334934755,Yes
8165-ZJRNM,0,0.005118816051402705,No
7838-LAZFO,0,0.10638518126818176,No
0513-RBGPE,0,0.045876773147841214,No
7251-XFOIL,0,0.24140242471217963,No
2525-GVKQU,0,0.029017046979784997,No
7579-OOPEC,1,0.641480368996248,Yes
3795-GWTRD,0,0.025276682719168206,No
4750-ZRXIU,1,0.796325450123009,Yes
5445-PZWGX,0,0.28446764982638656,No
0516-UXRMT,0,0.2101383270201451,No
0727-BNRLG,0,0.04797945779020308,No
3932-CMDTD,0,0.37497187219764344,No
1264-FUHCX,0,0.09675731615224041,No
6194-HBGQN,0,0.09947325234072775,No
4524-QCSSM,0,0.20597268718448783,No
4570-QHXHL,1,0.6291461376402828,Yes
2972-YDYUW,0,0.2604944397935361,No
2061-VVFST,0,0.13780116824000668,No
6874-SGLHU,0,0.3308158313674698,No
9844-FELAJ,0,0.32049735291776876,No
1902-XBTFB,1,0.7316805645301839,Yes
9039-RBEEE,0,0.21775756338845242,No
9369-XFEHK,1,0.5659698488301984,Yes
3680-CTHUH,0,0.20748597937252122,No
3679-XASPY,0,0.4809300895044797,No
9089-UOWJG,0,0.4034923500100467,No
1574-DYCWE,0,0.008332891127167933,No
9779-DPNEJ,1,0.6681360875678726,Yes
2967-MXRAV,0,0.13657692261980317,No
0327-WFZSY,0,0.3231384681007335,No
1731-TVIUK,1,0.8477988187960973,Yes
7666-WKRON,0,0.08890597839745328,No
3865-ZYKAD,0,0.25821898781723823,No
1465-LNTLJ,0,0.31578487179994036,No
2696-RZVZW,0,0.008138783980197429,No
0685-MLYYM,1,0.7201354109589148,Yes
2778-OCLGR,0,0.37592729936030805,No
3982-XWFZQ,0,0.2380025761474824,No
4759-PXTAN,0,0.12280468280217836,No
1448-PWKYE,1,0.9690724443542008,Yes
8741-LQOBK,0,0.1994556990927779,No
8650-RHRKE,0,0.4486468437051156,No
7266-GSSJX,0,0.18826502780963728,No
1265-HVPZB,0,0.05854473816740121,No
9640-ZSLDC,0,0.09463668598213369,No
0988-JRWWP,1,0.7557903083659063,Yes
1926-QUZNN,0,0.005411844115675979,No
9025-ZRPVR,0,0.15826482288992608,No
6527-PZFPV,0,0.04599460078208781,No
7460-ITWWP,1,0.6986232139630237,Yes
1530-ZTDOZ,0,0.23367568245884743,No
4785-FCIFB,0,0.012098954841428916,No
9717-QEBGU,1,0.7647145278187103,Yes
0876-WDUUZ,1,0.8904515583483138,Yes
7881-EVUAD,1,0.5793360500496108,Yes
4002-BQWPQ,0,0.18143698189270863,No
6377-WHAOX,1,0.5551259611800771,Yes
5027-YOCXN,0,0.37009868819503283,No
8450-JOVAH,1,0.6328066457025968,Yes
6646-QVXLR,0,0.36759621655607017,No
0254-KCJGT,0,0.09586819073576736,No
3442-ZHHCC,0,0.1389456197962662,No
9167-APMXZ,1,0.7140009826125387,Yes
0616-ATFGB,1,0.7568810479084872,Yes
7273-TEFQD,1,0.6773489391373184,Yes
8245-UMPYT,1,0.7978718402398406,Yes
6022-UGGSO,0,0.4494405565904496,No
6292-TOSSS,0,0.012838968817670405,No
5207-PLSTK,1,0.7654050787285801,Yes
3908-BLSYF,1,0.8797841377615659,Yes
4317-VTEOA,1,0.7556907252166004,Yes
0625-AFOHS,0,0.0143562424519598,No
4667-OHGKG,1,0.5169744306362868,Yes
2386-OWURY,1,0.5025475788697782,Yes
3780-DDGSE,0,0.325978098679987,No
1047-RNXZV,0,0.010562395465514874,No
3926-YZVVX,0,0.08991731099683868,No
4742-TXUEX,0,0.008862558327366436,No
8709-KRDVL,1,0.7092992060524829,Yes
0397-ZXWQF,0,0.005459312114801056,No
3910-MRQOY,0,0.0045701559792964965,No
2511-MORQY,0,0.09871433531433127,No
4039-PIMHX,0,0.0434532580019506,No
8083-YTZES,1,0.8573011065758203,Yes
1346-PJWTK,0,0.27204837483815764,No
3750-YHRYO,0,0.1002338587309045,No
1236-WFCDV,1,0.6934310642888618,Yes
5949-HGVJL,0,0.32222306829095054,No
9112-WSNPU,0,0.4350084374617916,No
1360-JYXKQ,0,0.47156301560744246,No
3585-ISXZP,1,0.8941892085629833,Yes
8380-PEFPE,1,0.955636770287296,Yes
9402-ROUMJ,0,0.23056912490279735,No
4335-UPJSI,0,0.013912777976658262,No
6096-EGVTU,0,0.02235792656997011,No
8988-ECPJR,1,0.5654039202083333,Yes
7677-SJJJK,0,0.11037070506807939,No
5850-BDWCY,0,0.23470583294831715,No
2025-JKFWI,1,0.7200118966114588,Yes
8028-PNXHQ,0,0.012037492331981689,No
8397-MVTAZ,1,0.721706249658229,Yes
4445-ZJNMU,1,0.876365660948741,Yes
3125-RAHBV,0,0.04283970801998432,No
6682-QJDGB,0,0.2514642469025383,No
8840-DQLGN,1,0.5486623421656542,Yes
6258-NGCNG,0,0.27431195763155175,No
5917-RYRMG,0,0.026502645936667846,No
7157-SMCFK,0,0.022841464167844217,No
0816-TSPHQ,0,0.3782698478459842,No
6766-HFKLA,0,0.12524156061518746,No
7067-KSAZT,0,0.4440853107959046,No
5155-AZQPB,0,0.22155695834068467,No
6890-PFRQX,0,0.23361803664733993,No
3508-VLHCZ,0,0.018756378034236392,No
3649-JPUGY,0,0.02083530993420511,No
9248-OJYKK,1,0.96141559322144,Yes
7239-HZZCX,1,0.5816552507664564,Yes
9860-LISIZ,0,0.07631215197719743,No
6979-ZNSFF,1,0.8735013362381577,Yes
8938-UMKPI,1,0.6207256886530509,Yes
1820-DJFPH,0,0.006881964066945585,No
0732-OCQOC,0,0.036144145221613445,No
6776-TLWOI,0,0.4464932680159827,No
4940-KHCWD,0,0.013081036599461577,No
9057-SIHCH,1,0.9086475869920579,Yes
9866-QEVEE,1,0.7287032532871308,Yes
5542-TBBWB,1,0.967139482422354,Yes
4587-VVTOX,1,0.6352300212723426,Yes
6322-HRPFA,0,0.22530544874782032,No
6284-AHOOQ,1,0.7131112385687438,Yes
4530-NDRKU,0,0.028839964952499558,No
1751-NCDLI,1,0.7004713068959907,Yes
3893-JRNFS,0,0.2868795995512601,No
5857-XRECV,0,0.11538812501221495,No
3115-CZMZD,0,0.06163854778093336,No
4489-SNOJF,0,0.21096192489001472,No
1051-GEJLJ,0,0.46596584092342946,No
3563-SVYLG,0,0.015603171071943788,No
4301-VVZKA,1,0.6881860699260667,Yes
9351-HXDMR,0,0.05804574349214161,No
5161-XEUVX,0,0.08929322959811699,No
3088-FVYWK,0,0.052695916132614394,No
9812-GHVRI,1,0.6533557071756554,Yes
1370-GGAWX,0,0.22902991504671552,No
6023-YEBUP,1,0.8516143767027208,Yes
9940-RHLFB,1,0.7314542379567811,Yes
4541-RMRLG,0,0.22807153726592075,No
2606-RMDHZ,0,0.4215150073558063,No
5575-TPIZQ,1,0.5282923235411012,Yes
9378-FXTIZ,0,0.10565909102070226,No
4631-OACRM,1,0.7850200782835777,Yes
8593-WHYHV,1,0.8838373356636505,Yes
1403-GYAFU,0,0.005818651983578099,No
7641-TQFHN,0,0.09709197343470806,No
4237-CLSMM,0,0.2327097821046756,No
4360-PNRQB,1,0.5954958661080533,Yes
5334-AFQJB,0,0.008279644221075723,No
9308-ANMVE,0,0.2590254485394428,No
3530-VWVGU,0,0.11166200819743516,No
4674-HGNUA,0,0.014258213608671895,No
3030-YDNRM,1,0.8471813592407506,Yes
3642-BYHDO,0,0.004622555291081185,No
0440-UEDAI,0,0.24668414216312928,No
9819-FBNSV,1,0.5945307908419247,Yes
9289-LBQVU,0,0.07988424283122157,No
4468-YDOVK,1,0.6828972892690123,Yes
2001-EWBQU,0,0.2088419776491243,No
9992-UJOEL,1,0.7469053043519641,Yes
8409-WQJUX,0,0.08270132556045919,No
3077-RSNTJ,0,0.24714425532632914,No
6993-YCOBK,0,0.17604972854631615,No
4817-VYYWS,1,0.7156062610701523,Yes
4702-HDRKD,0,0.052829108618558995,No
3251-YMVWZ,0,0.04695086882747925,No
4190-MFLUW,0,0.3153281727398157,No
4678-DVQEO,1,0.7758288471762688,Yes
4701-AHWMW,0,0.19673934538005292,No
2987-BJXIK,0,0.01986092848800092,No
1730-VFMWO,0,0.2217968561541235,No
1936-UAFEH,0,0.1596223862540004,No
5140-FOMCQ,0,0.27728792595779583,No
8778-LMWTJ,1,0.8168137385770002,Yes
9840-DVNDC,1,0.8923187447122478,Yes
8033-VCZGH,0,0.39021742979684304,No
8580-QVLOC,0,0.01785601166057107,No
6128-AQBMT,0,0.3102929071742339,No
6257-RJOHI,1,0.6988854946262837,Yes
1929-ZCBHE,0,0.10307732688658255,No
6242-SGYTS,0,0.2362079476227262,No
7010-ZMVBF,0,0.11702544241946071,No
3519-ZKXGG,1,0.8096194498049908,Yes
5666-MBJPT,0,0.011124440423337373,No
3313-QKNKB,0,0.2386791418667569,No
7581-EBBOU,0,0.07028757179163787,No
1784-BXEFA,0,0.18681076222779225,No
7492-TAFJD,0,0.03729015713459999,No
5213-TWWJU,1,0.702468143179507,Yes
3312-ZWLGF,1,0.5986406058650936,Yes
2923-ARZLG,0,0.20100282796953187,No
7032-LMBHI,0,0.14088535286876328,No
8292-ITGYJ,0,0.014185954232961323,No
9107-UKCKY,0,0.1291933600334448,No
6848-HJTXY,0,0.012733582720932274,No
4184-VODJZ,0,0.2500268517389092,No
4846-WHAFZ,1,0.6873456073129844,Yes
8735-SDUFN,0,0.005022711728133222,No
0839-JTCUD,0,0.02043890368569316,No
6857-VWJDT,1,0.906281393792705,Yes
7363-QTBIW,1,0.8576498121917684,Yes
6158-HDPXZ,1,0.7520129409530569,Yes
5419-CONWX,1,0.8384382089351409,Yes
9286-DOJGF,1,0.5759601083050223,Yes
2408-PSJVE,0,0.2760033474246355,No
2087-QAREY,0,0.4021831610279276,No
6777-TGHTM,1,0.58175041083825,Yes
6507-ZJSUR,1,0.7765259212312118,Yes
5025-GOOKI,0,0.10241504831846432,No
6080-LNESI,0,0.015084728866468977,No
2236-HILPA,0,0.00782794734474041,No
1386-ZIKUV,0,0.21665036511954952,No
3365-SAIGS,1,0.7779635301228393,Yes
6061-GWWAV,0,0.09546574625963156,No
9979-RGMZT,0,0.46902924891571357,No
8445-DNBAE,1,0.5176199855198067,Yes
6872-HXFNF,0,0.07456316807721812,No
1320-HTRDR,1,0.8696343830557608,Yes
3923-CSIHK,0,0.4855244155507567,No
2446-ZKVAF,0,0.3652770300394328,No
4640-UHDOS,1,0.5764536028486953,Yes
5457-COLHT,0,0.028455489220720536,No
2254-DLXRI,1,0.9274515650700289,Yes
5339-PXDVH,1,0.873732539214983,Yes
2386-LAHRK,1,0.8020115611117546,Yes
5062-CJJKH,0,0.0964587142137246,No
8930-XOTDP,1,0.5267842959747658,Yes
4779-ZGICK,0,0.011799686735732352,No
9534-NSXEM,0,0.041314455159043396,No
3716-BDVDB,1,0.9602048853451669,Yes
9842-EFSYY,0,0.23339489099579472,No
9122-UMROB,0,0.40305677841206106,No
1867-BDVFH,1,0.7967004214454888,Yes
5949-EBSQK,0,0.44179971142351765,No
4160-AMJTL,0,0.2610749375062645,No
8622-ZLFKO,1,0.8964951942697358,Yes
2990-IAJSV,0,0.016846607899422474,No
6064-ZATLR,0,0.03104810869286175,No
7409-KIUTL,1,0.9608830439905492,Yes
5505-OVWQW,0,0.06748233203492487,No
3948-KXDUF,0,0.023465410678335644,No
9814-AOUDH,0,0.029129096383357023,No
7398-LXGYX,1,0.5481189138925742,Yes
5266-PFRQK,0,0.02373264818027666,No
1568-BEKZM,0,0.01945684802195753,No
2692-PFYTJ,0,0.4383445108020809,No
2533-QVMSK,0,0.08073954289160877,No
5828-AVIPD,0,0.39426606206625964,No
2907-ILJBN,0,0.08167457544084887,No
5226-NOZFC,1,0.7168020677534447,Yes
7114-AEOZE,0,0.019111182135412852,No
2202-CUYXZ,1,0.9413050126849236,Yes
3466-RITXD,1,0.6249950934922622,Yes
7278-CKDNC,1,0.50414554819375,Yes
1956-YIFGE,0,0.3658850762252516,No
0422-UXFAP,0,0.3146369605583825,No
3733-UOCWF,0,0.1515197352596143,No
7191-ADRGF,0,0.0750546811466243,No
5709-LVOEQ,0,0.09538538693517294,No
6034-YMTOB,1,0.8232375393249267,Yes
6372-RFVNS,1,0.9668487073580011,Yes
9052-DHNKM,0,0.08617399704832228,No
5609-IMCGG,1,0.6398029404210188,Yes
2959-MJHIC,1,0.8877298683900978,Yes
1319-YLZJG,1,0.7322372096762039,Yes
7623-TRNQN,1,0.664902324366459,Yes
0377-JBKKT,0,0.34734978901490804,No
1936-CZAKF,0,0.04120463865777194,No
5063-IUOKK,0,0.01925055829520153,No
8646-JCOMS,0,0.15049501509238203,No
0979-MOZQI,0,0.023941640844028708,No
1525-LNLOJ,0,0.019352354450635052,No
5759-RCVCB,1,0.5992530812606823,Yes
9968-FFVVH,0,0.08262192497734148,No
2266-FUBDZ,0,0.019725346355213436,No
4760-THGOT,1,0.5729811526652099,Yes
2307-FYNNL,0,0.10102707735299156,No
1143-NMNQJ,1,0.9092296655410935,Yes
1629-DQQVB,0,0.44569341122380673,No
3766-EJLFL,0,0.19446560809592184,No
8457-XIGKN,0,0.12357958681079957,No
4981-FLTMF,0,0.09568730216921499,No
7606-BPHHN,0,0.004320054697792988,No
7005-CCBKV,1,0.8729796398092473,Yes
4648-YPBTM,0,0.025581666347093326,No
2325-ZUSFD,0,0.10047281881956045,No
1240-KNSEZ,1,0.7276480670688281,Yes
0430-IHCDJ,1,0.5442096533247763,Yes
7957-RYHQD,0,0.4845665915096302,No
6164-HAQTX,0,0.030578138440370245,No
0749-IRGQE,1,0.5349934324192894,Yes
1227-UDMZR,0,0.015467114409892319,No
5473-KHBPS,0,0.27105972505567383,No
5297-MDOIR,0,0.12929884846612175,No
8873-TMKGR,0,0.02935872868939501,No
6481-ESCNL,1,0.7068717814237614,Yes
0463-WZZKO,0,0.4618557540111752,No
1038-RQOST,0,0.10539126769435088,No
4937-QPZPO,0,0.3686384179618412,No
3604-WLABM,0,0.3053909185533196,No
1360-XFJMR,0,0.25002418532421006,No
8717-VCTXJ,0,0.030601993258355487,No
5196-SGOAK,1,0.9582051034071992,Yes
8739-XNIKG,1,0.9036208064824685,Yes
2320-TZRRH,0,0.046506745709114894,No
5186-SAMNZ,1,0.9360463443808849,Yes
5760-FXFVO,1,0.8513489142583359,Yes
5380-WJKOV,1,0.5538855156394552,Yes
4703-MQYKT,0,0.019615147009795813,No
2001-MCUUW,0,0.28259217889328553,No
4947-DSMXK,1,0.681925357957409,Yes
0076-LVEPS,0,0.19148946950256396,No
5566-SOEZD,0,0.1715903085099745,No
7408-OFWXJ,0,0.013668841292804506,No
1097-FSPVW,0,0.2297293936494523,No
4412-YLTKF,0,0.4912084339111522,No
0420-TXVSG,0,0.017736731732056796,No
7817-BOQPW,1,0.8563707583658718,Yes
0963-ZBDRN,1,0.7233273836439551,Yes
9685-WKZGT,1,0.7048548449587869,Yes
2139-FQHLM,1,0.6990494563676012,Yes
5825-XJOCM,0,0.0907341558220117,No
0004-TLHLJ,1,0.8493262134677027,Yes
7529-ZDFXI,0,0.31582162710438605,No
6848-YLDFR,0,0.09600787330530965,No
5820-PTRYM,0,0.06553057109674511,No
2984-RGEYA,0,0.006565454977910803,No
6434-TTGJP,0,0.03125756323220511,No
9643-AVVWI,1,0.8541228622002636,Yes
3506-OVLKD,0,0.06669502505595802,No
4946-EDSEW,0,0.16832714669038848,No
2924-KHUVI,0,0.4701046410749228,No
2263-SFSQZ,0,0.028916844427655974,No
5281-BUZGT,1,0.5914068412361417,Yes
3717-FDJFU,0,0.03414379779136132,No
2239-CFOUJ,0,0.1275986310533982,No
8699-ASUFO,1,0.8205326909427377,Yes
1122-YJBCS,0,0.06544147357244019,No
0628-CNQRM,0,0.10360528453027923,No
1705-GUHPV,0,0.008251235228216065,No
4877-TSOFF,0,0.08063633728777699,No
7404-JLKQG,1,0.6304594403636287,Yes
0379-DJQHR,0,0.03301273169836228,No
8993-PHFWD,1,0.7740139258329067,Yes
3930-ZGWVE,1,0.5816552507664564,Yes
1965-DDBWU,1,0.6932669243745725,Yes
7572-KPVKK,0,0.20645547719795157,No
6854-EXGSF,0,0.2707441122150918,No
9483-GCPWE,0,0.08924263909779585,No
8053-WWDRO,0,0.3437736603588049,No
9473-CBZOP,0,0.07281505768763036,No
3985-HOYPM,0,0.03527178125683934,No
8378-LKJAF,1,0.7379089210307711,Yes
1310-QRITU,0,0.41782647599718,No
3237-AJGEH,1,0.6239493949347907,Yes
6542-LWGXJ,1,0.6186634060775895,Yes
6953-PBDIN,0,0.03183034098842189,No
6332-FBZRI,0,0.12408798370068096,No
9365-CSLBQ,0,0.005612762391682278,No
3466-WAESX,0,0.31264550094096405,No
9700-ISPUP,0,0.3433648327316479,No
5167-ZFFMM,1,0.8960298991526147,Yes
7669-LCRSD,0,0.4728186100579845,No
0870-VEMYL,0,0.4613417322319417,No
2995-UPRYS,0,0.31288234193748937,No
3179-GBRWV,0,0.3625863214153815,No
0701-TJSEF,0,0.3090977661385543,No
1848-LBZHY,0,0.49152761336696066,No
5380-XPJNZ,0,0.03357864051692382,No
6608-QQLVK,1,0.7834166084792381,Yes
1475-VWVDO,1,0.8447425812308141,Yes
3721-CNEYS,1,0.7948907190108171,Yes
4299-OPXEJ,0,0.014060529556772046,No
0096-BXERS,0,0.45982131559982004,No
3055-VTCGS,0,0.08021131210648497,No
9405-GPBBG,0,0.09768048308600125,No
6704-UTUKK,0,0.2564619596423041,No
9944-AEXBM,1,0.6879355232696868,Yes
2545-EBUPK,1,0.8546979089752567,Yes
6270-OMFIW,0,0.3456413156091367,No
1852-XEMDW,0,0.2339756913383262,No
8158-WPEZG,0,0.39489337804709007,No
5198-EFNBM,0,0.20996532577326876,No
7663-RGWBC,1,0.7705099024646586,Yes
3970-XGJDU,0,0.012815630170060363,No
6845-RGTYS,1,0.5915848525119954,Yes
0123-CRBRT,0,0.02524408856832228,No
6077-BDPXA,1,0.7609529759277874,Yes
2250-IVBWA,0,0.28948479816474854,No
6137-NICCO,1,0.8670824030597788,Yes
8129-GMVGI,0,0.010611069104127388,No
4353-HYOJD,0,0.21771530628334526,No
8671-KKKOS,0,0.20137581042124644,No
8080-DDEMJ,1,0.5316025432478698,Yes
6698-OXETB,0,0.026583827543076574,No
3312-UUMZW,1,0.6084427785792598,Yes
6376-GAHQE,1,0.8890781158028226,Yes
0733-VUNUW,0,0.28057933732932544,No
6733-LRIZX,0,0.19097051916941324,No
2165-VOEGB,0,0.39661985113823567,No
1853-UDXBW,1,0.9600301389595796,Yes
9070-BCKQP,0,0.04309669049859958,No
1035-IPQPU,0,0.4932909478408298,No
2057-ZBLPD,1,0.7803998250544552,Yes
6967-PEJLL,0,0.1413466574344698,No
7879-CGSFV,0,0.4547800004894944,No
2257-BOVXD,0,0.450686505866283,No
9822-BIIGN,0,0.20611571305918097,No
1136-XGEQU,0,0.10666531238103881,No
2439-LYPMQ,1,0.7100510615242128,Yes
6543-XRMYR,1,0.6944085862456667,Yes
5753-QQWPW,0,0.09504060780535147,No
4785-QRJHC,0,0.08970967723343444,No
0052-YNYOT,0,0.020594664382775327,No
7054-LGEQW,1,0.8330107197922935,Yes
0608-JDVEC,0,0.011029403367327245,No
6284-KMNUF,0,0.3143910297865247,No
6286-SUUWT,1,0.6142367535699884,Yes
3594-KADLU,1,0.5613865691181329,Yes
0536-ACXIP,0,0.09827212211778867,No
8869-TORSS,0,0.09518277018809397,No
0373-AIVNJ,0,0.08791857449992664,No
6429-SHBCB,0,0.4281656620505793,No
5751-USDBL,0,0.045208048713401144,No
6815-ABQFQ,0,0.4710345229909168,No
9450-TRJUU,1,0.6742298675828007,Yes
2805-AUFQN,0,0.013756222914299026,No
7855-DIWPO,1,0.67970316345971,Yes
0174-QRVVY,0,0.005478785653207415,No
9507-EXLTT,1,0.9652836644720146,Yes
8390-FESFV,0,0.028132996290870682,No
0661-KBKPA,0,0.10538080268263683,No
6856-RAURS,1,0.82080087997109,Yes
7322-OCWHC,0,0.03885248565217111,No
2203-GHNWN,1,0.5907221270306996,Yes
3413-CSSTH,0,0.23910880069235185,No
3006-XIMLN,1,0.8743282218683581,Yes
3750-CKVKH,1,0.7820969022368361,Yes
0576-WNXXC,1,0.656818914630377,Yes
7056-IMHCC,1,0.7322566239050142,Yes
0866-QLSIR,0,0.09559070269561364,No
1628-BIZYP,1,0.9415250426682049,Yes
2230-XTUWL,0,0.009776711669869827,No
1980-KXVPM,1,0.7734650627158346,Yes
8619-IJNDK,0,0.014627011685976138,No
2960-NKRSO,1,0.666505624135809,Yes
6705-LXORM,1,0.8022180109216966,Yes
7130-VTEWQ,1,0.7342389671612463,Yes
9364-YKUVW,0,0.2020194593110853,No
2761-OCIAX,1,0.7841090190874723,Yes
7996-BPXHY,0,0.02215081414533154,No
4248-QPAVC,1,0.6645864685798855,Yes
9357-UJRUN,0,0.11526812475692284,No
6340-DACFT,0,0.00937842760363472,No
1023-BQXZE,0,0.02716321789543061,No
5480-HPRRX,1,0.6573709733787013,Yes
9576-SYUHJ,1,0.5856363942041998,Yes
2169-RRLFW,0,0.007120251126970078,No
8338-QIUNR,0,0.016810507247397983,No
0463-TXOAK,0,0.04888279421456637,No
4396-KLSEH,0,0.29420760641833904,No
5186-EJEGL,0,0.41474173847072066,No
9334-GWGOW,1,0.8457779165543249,Yes
5696-JVVQY,0,0.0328839202046864,No
9633-DENPU,0,0.2588432509772968,No
0581-BXBUB,1,0.7397603258310244,Yes
2750-BJLSB,0,0.39366547654866557,No
2770-NSVDG,0,0.35109707576165294,No
8280-MQRQN,1,0.7941622139739498,Yes
7851-FLGGQ,1,0.5145830424974333,Yes
9374-YOLBJ,0,0.4903594503136864,No
6583-SZVGP,0,0.21523517870782224,No
2150-OEGBV,0,0.03405031215459637,No
9372-TXXPS,0,0.01970484907223032,No
6933-FHBZC,0,0.09468718515065,No
4698-KVLLG,0,0.006475527583747122,No
8752-STIVR,1,0.9165768474511916,Yes
8623-ULFNQ,0,0.2964971545361345,No
9822-WMWVG,1,0.6426500758326869,Yes
4304-TSPVK,0,0.11009185664188083,No
1716-LSAMB,0,0.07020972493452651,No
3523-QRQLL,0,0.15050126226515506,No
2187-PKZAY,1,0.8174681098530797,Yes
1895-QTKDO,1,0.698534279426272,Yes
8161-QYMTT,1,0.8081445316745165,Yes
2955-PSXOE,1,0.7620028870395464,Yes
6834-NXDCA,0,0.3959464498124505,No
8701-DGLVH,0,0.007572661795504947,No
2480-SQIOB,1,0.634026935678485,Yes
4993-JCRGJ,1,0.5806930711023126,Yes
0581-MDMPW,1,0.654038756665657,Yes
7789-CRUVC,0,0.2525284874554136,No
0164-APGRB,0,0.041055320482046076,No
8034-RYTVV,0,0.15226759786122743,No
3018-TFTSU,1,0.797529478536042,Yes
9777-IQHWP,0,0.05586543235060013,No
6899-PPEEA,1,0.7459254870838885,Yes
6701-YVNQG,0,0.01589311466747966,No
7649-PHJVR,0,0.08045107902999671,No
9278-VZKCD,0,0.4179349268248403,No
7636-PEPNS,0,0.09829054380331466,No
1575-KRZZE,0,0.43847045547559826,No
8590-OHDIW,0,0.03070966708289452,No
7764-BDPEE,1,0.5622341454025089,Yes
9480-BQJEI,0,0.17979154683489737,No
3354-OADJP,0,0.13876631134836645,No
3181-MIZBN,0,0.1909407463508257,No
9327-QSDED,1,0.5522585059542933,Yes
4892-VLANZ,1,0.5909667360750332,Yes
0298-XACET,0,0.024406322998916808,No
6917-FIJHC,0,0.01690897027589806,No
6557-BZXLQ,1,0.6851299731486438,Yes
2432-TFSMK,0,0.24050758308848352,No
4211-MMAZN,0,0.38789490528077325,No
4751-ERMAN,0,0.02462388773522749,No
8430-TWCBX,0,0.023753132012369896,No
1942-OQFRW,1,0.595303693992395,Yes
4075-JFPGR,0,0.24375471886759148,No
3339-EAQNV,0,0.11496522085566689,No
5329-KRDTM,0,0.016200933807410525,No
0307-BCOPK,0,0.04573704620132937,No
6473-ULUHT,0,0.26085222334439845,No
1194-SPVSP,1,0.583644402415707,Yes
7249-WBIYX,1,0.8756420559490582,Yes
2293-IJWPS,0,0.40760224743624596,No
4377-VDHYI,0,0.3079265155091438,No
0019-EFAEP,0,0.03847211721911547,No
2480-EJWYP,0,0.3128526452820013,No
8970-ANWXO,0,0.11847290635000152,No
8739-WWKDU,1,0.6782364992374504,Yes
2171-UDMFD,0,0.1755161137683,No
7036-TYDEC,0,0.12014168126834905,No
3831-YCPUO,0,0.04313712573936431,No
0121-SNYRK,0,0.050193176926776155,No
3325-FUYCG,0,0.37827452302113507,No
1952-DVVSW,0,0.0914989174299653,No
3571-DPYUH,0,0.2641101789344844,No
2077-MPJQO,1,0.7529551034091971,Yes
2391-SOORI,0,0.4951273027362541,No
4086-ATNFV,0,0.088105239272466,No
3396-DKDEL,0,0.07243799691485123,No
7471-MQPOS,0,0.07887916428707713,No
7181-OQCUT,1,0.7495825992114035,Yes
3489-VSFRD,0,0.08206509366549783,No
6283-GITPX,0,0.02071884652131678,No
2845-HSJCY,1,0.736909667130227,Yes
7216-KAOID,0,0.029010438528309465,No
6680-WKXRZ,1,0.8035983775318053,Yes
2346-LOCWC,0,0.007330175778475897,No
0769-MURVM,0,0.011072996838403468,No
3374-LXDEV,1,0.6758594790679394,Yes
5318-YKDPV,0,0.03659353233438153,No
8190-ZTQFB,0,0.11801035890616111,No
4512-ZUIYL,1,0.7604679581260019,Yes
3090-QFUVD,0,0.40305677841206106,No
4806-KEXQR,1,0.9152562156585317,Yes
2369-FEVNO,1,0.7104430551197348,Yes
9637-CDTKZ,0,0.043652726242938415,No
2954-PIBKO,0,0.016723651499147833,No
2212-LYASK,0,0.08382357135714082,No
9481-SFCQY,0,0.43377818402955065,No
2828-SLQPF,0,0.3893269351817094,No
4647-MUZON,1,0.78929312014712,Yes
8212-DJRCH,1,0.8892721021010558,Yes
0516-OOHAR,0,0.26950001058683215,No
4973-RLZVI,0,0.09554050440701241,No
8089-UZWLX,0,0.05428536599534591,No
9732-KPKBW,1,0.5966036894050207,Yes
9715-WZCLW,0,0.03908514257283849,No
0257-KXZGU,0,0.25716475844298614,No
0707-HOVVN,0,0.08275855531987673,No
5501-TVMGM,1,0.7539957173691089,Yes
3422-LYEPQ,1,0.9608830439905492,Yes
2277-VWCNI,1,0.609057055801081,Yes
5461-QKNTN,1,0.5462070067686801,Yes
3967-KXAPS,0,0.01820460494179805,No
6919-ELBGL,0,0.04383594695666227,No
8361-LTMKD,1,0.8514594851423368,Yes
1131-ALZWV,0,0.0543581228297406,No
5178-LMXOP,1,0.943467014609154,Yes
8992-CEUEN,0,0.46363663506050745,No
3320-VEOYC,1,0.7849838043172559,Yes
3672-YITQD,1,0.7066040058225663,Yes
6080-TCMYC,1,0.5685413250361897,Yes
6734-FQAJX,0,0.15243158123319359,No
1063-DHQJF,0,0.11093889443299876,No
3976-NLDEZ,1,0.740197687773679,Yes
1729-VLAZJ,0,0.08547358664646709,No
3400-ESFUW,0,0.026447233385189197,No
5271-YNWVR,0,0.075513480242534,No
1587-FKLZB,1,0.5855859577498919,Yes
0958-YHXGP,1,0.7795273080199148,Yes
1494-EJZDW,0,0.027226444537951155,No
1816-FLZDK,1,0.5377352065891444,Yes
2075-PUEPR,0,0.0177759939201839,No
1833-TCXKK,1,0.6531929396908265,Yes
1436-ZMJAN,0,0.43176085629504146,No
0106-UGRDO,0,0.07159387300335247,No
1069-XAIEM,1,0.9394524776230199,Yes
4213-HKBJO,0,0.03381436668640424,No
8345-MVDYC,0,0.04578762696346975,No
2672-OJQZP,1,0.748473152339713,Yes
5136-RGMZO,0,0.3019298396780464,No
5774-QPLTF,0,0.02360586365330897,No
5240-CAOYT,0,0.2511569971044873,No
3707-GNWHM,1,0.895478441207584,Yes
5159-YFPKQ,1,0.9049596184478412,Yes
5052-PNLOS,1,0.6356566492398219,Yes
6173-GOLSU,0,0.4783841628616164,No
6661-HBGWL,1,0.6719084384413567,Yes
8207-VVMYB,0,0.00971225937393474,No
5324-KTGCG,0,0.014985306651893411,No
7354-OIJLX,1,0.7214115895825648,Yes
9286-BHDQG,0,0.013882708632090693,No
3567-PQTSO,0,0.47611709323430684,No
3197-ARFOY,1,0.7096226267497796,Yes
5698-BQJOH,1,0.8646205087085633,Yes
1090-ESELR,0,0.08004161510018223,No
0056-EPFBG,0,0.09829518567791784,No
4955-VCWBI,0,0.028286957179935564,No
4717-GHADL,0,0.03267220556636975,No
0058-EVZWM,0,0.3386180530750882,No
7218-HKQFK,1,0.909977480624473,Yes
5057-RKGLH,0,0.03039607025300568,No
2309-OSFEU,0,0.4595773880635365,No
3429-IFLEM,0,0.018429110104195377,No
1550-LOAHA,1,0.6352802875839288,Yes
1400-MMYXY,1,0.6086173689415775,Yes
7503-QQRVF,1,0.6645793762428437,Yes
7504-UWHNB,1,0.6415365451430276,Yes
9565-JSNFM,0,0.2086200981179115,No
4735-BJKOU,0,0.0105212900058409,No
3580-GICBM,0,0.014037548043005813,No
7632-YUTXB,0,0.03701620425935521,No
9412-ARGBX,0,0.08701501141486971,No
9576-ANLXO,1,0.7819100088078784,Yes
1110-KYLGQ,0,0.29728784012047416,No
8696-JKZNU,0,0.4564008649984157,No
8757-TFHHJ,1,0.7308053175432088,Yes
2955-BJZHG,1,0.762748999572329,Yes
9048-JVYVF,1,0.5565237126266561,Yes
0682-USIXD,1,0.7784717354303918,Yes
3884-UEBXB,0,0.01671753642689851,No
1776-SPBWV,0,0.032557237828078144,No
9050-QLROH,1,0.703644871214696,Yes
2925-VDZHY,0,0.012699680820139468,No
9512-UIBFX,1,0.7556549604886681,Yes
8676-TRMJS,1,0.8281738818577287,Yes
3334-CTHOL,1,0.66351419662797,Yes
6331-LWDTQ,1,0.6462290283181961,Yes
3847-BAERP,0,0.19029142805408109,No
4709-LKHYG,0,0.03932225146124998,No
8621-MNIHH,1,0.5525601757533063,Yes
8884-ADFVN,1,0.7935439614635545,Yes
2885-HIJDH,0,0.021419970665075134,No
8570-KLJYJ,0,0.07499757006851514,No
9339-FIIJL,0,0.015203024784101396,No
6223-DHJGV,0,0.03558010347079737,No
0959-WHOKV,0,0.34252383754472526,No
9610-WCESF,0,0.08717007564281247,No
9279-CJEOJ,1,0.7831242794495622,Yes
2985-FMWYF,1,0.7283986229008624,Yes
3540-RZJYU,1,0.7647358849054902,Yes
2522-WLNSF,0,0.0897062797212157,No
6861-XWTWQ,1,0.882894082771411,Yes
8735-NBLWT,0,0.18978871351272966,No
1744-JHKYS,0,0.1605446718337917,No
0841-NULXI,1,0.8119240356617339,Yes
4016-BJKTZ,0,0.16598843955972506,No
9298-WGMRW,0,0.04282454967644516,No
7893-IXHRQ,0,0.4786443883506663,No
8785-CJSHH,1,0.5509320636581138,Yes
7654-YWJUF,0,0.19526288097314692,No
8909-BOLNL,0,0.14424100182317925,No
9919-FZDED,0,0.015269658173284273,No
0322-CHQRU,1,0.5752376836403672,Yes
3587-PMCOY,0,0.4077089395623197,No
0655-RBDUG,1,0.8018890597364162,Yes
0983-TATYJ,0,0.10446700764057244,No
5650-YLIBA,1,0.6209581935895843,Yes
5144-TVGLP,1,0.6185564275740326,Yes
3569-EDBPQ,1,0.6953221472866552,Yes
4945-RVMTE,0,0.2500577002246167,No
3511-BFTJW,0,0.014891176018092164,No
5537-UXXVS,0,0.09582872413340904,No
8782-NUUOL,0,0.10343723201930184,No
2865-TCHJW,1,0.8289557589187225,Yes
9931-KGHOA,0,0.23069914464479166,No
3071-MVJCD,0,0.015803208800186142,No
7279-BUYWN,1,0.6220223936999189,Yes
3756-VNWDH,0,0.2704401518338343,No
1395-OFUWC,0,0.32265320379339874,No
4223-BKEOR,0,0.10705406680069975,No
0040-HALCW,0,0.008329529700739689,No
7124-UGSUR,0,0.407987263183053,No
7395-XWZOY,0,0.3012242136283693,No
5440-VHLUL,0,0.35131744462669157,No
4706-DGAHW,1,0.5330800194248145,Yes
8166-ORCHU,0,0.3479423484266821,No
3978-YNKDD,0,0.02232164080693819,No
7198-GLXTC,1,0.9170235488908386,Yes
6366-XIVKZ,0,0.3697854069357012,No
5133-POWUA,1,0.8591320896762066,Yes
8400-WZICQ,0,0.19768720656346653,No
5382-SOYZL,1,0.7725379581486282,Yes
1989-PRJHP,1,0.5620271753714909,Yes
4154-AQUGT,1,0.7394506499131221,Yes
0980-FEXWF,0,0.0905525539638997,No
5845-BZZIB,0,0.017581079373697114,No
4840-ORQXB,0,0.3502150670961479,No
0295-PPHDO,1,0.9407976051452688,Yes
8775-ERLNB,1,0.7184602802479004,Yes
0376-YMCJC,1,0.6878343686644381,Yes
7410-YTJIK,1,0.7696378128756937,Yes
9927-DSWDF,1,0.7718772776369072,Yes
6681-ZSEXG,0,0.023097715431244874,No
5702-KVQRD,0,0.02403158347990834,No
8711-LOBKY,0,0.01030950765745328,No
9692-TUSXH,1,0.8159287080408121,Yes
4012-YCFAI,0,0.01939598936315633,No
8455-HIRAQ,0,0.47215747531812413,No
7853-WNZSY,1,0.5957727707193435,Yes
0390-DCFDQ,1,0.9426706062609451,Yes
6421-SZVEM,0,0.22602383018895886,No
3094-JOJAI,1,0.6228939818883764,Yes
4873-ILOLJ,1,0.7545093698821734,Yes
8181-YHCMF,0,0.014227083812719124,No
3324-OIRTO,0,0.16675430489386392,No
9135-HSWOC,0,0.006840416884573742,No
2272-WUSPA,0,0.07862552765680002,No
4627-MIHJH,0,0.09296923055408297,No
3896-RCYYE,0,0.11824119129203586,No
6729-GDNGC,1,0.5229348251158578,Yes
9945-PSVIP,0,0.014525794154790472,No
4137-JOPHL,0,0.07848099728571803,No
2720-FVBQP,1,0.6825746436048231,Yes
7854-EKTJL,0,0.3035085569514967,No
1133-KXCGE,0,0.08024717162381208,No
6048-QBXKL,1,0.6216008353438375,Yes
6338-AVWCY,1,0.5959777166305089,Yes
0013-MHZWF,0,0.49430387548537547,No
9804-ICWBG,1,0.967139482422354,Yes
2368-GAKKQ,0,0.07809455946499876,No
4829-AUOAX,1,0.7078510765139917,Yes
7876-BEUTG,0,0.4792898543573667,No
6349-JDHQP,0,0.019727649744446785,No
3063-QFSZL,1,0.7546764108116487,Yes
9142-XMYJH,0,0.09009327958072293,No
2609-IAICY,1,0.9643457245103598,Yes
8626-PTQGE,0,0.013510931452456021,No
0230-UBYPQ,0,0.03202191903234891,No
6814-ZPWFQ,0,0.05322421569280034,No
5921-NGYRH,0,0.20705295073224553,No
7803-XOCCZ,1,0.5082725371171679,Yes
1459-QNFQT,0,0.023845985301592248,No
3948-FVVRP,0,0.37955261385193406,No
0923-PNFUB,1,0.8539275545183989,Yes
4654-ULTTN,0,0.04090789229977281,No
5628-FCGYG,1,0.7589392719135987,Yes
0506-LVNGN,1,0.7381152444156158,Yes
4329-YPDDQ,1,0.5420241003700996,Yes
9866-OCCKE,0,0.03950679846488072,No
0794-YVSGE,0,0.0036347086908372806,No
4342-HENTK,1,0.8415771878594094,Yes
5934-TSSAU,1,0.605427465524068,Yes
9986-BONCE,0,0.36187975582616466,No
5301-GAUUY,1,0.5490592414898349,Yes
0725-CXOTM,0,0.12439036323787257,No
2843-CQMEG,0,0.327450034293708,No
5600-PDUJF,0,0.4883709356590405,No
4500-HKANN,0,0.02849979552218751,No
1862-QRWPE,0,0.017930116065180867,No
2155-AMQRX,0,0.22129040159041405,No
0823-HSCDJ,0,0.17828978309103363,No
4090-KPJIP,1,0.8635692693680822,Yes
2737-YNGYW,1,0.8721854721101857,Yes
5619-XZZKR,0,0.11508321113362986,No
6047-YHPVI,1,0.8084548581261889,Yes
8375-DKEBR,1,0.966020753286792,Yes
7729-XBTWX,0,0.011703593951292947,No
4983-CLMLV,1,0.6496445847328377,Yes
9227-LUNBG,1,0.7560562256763598,Yes
2758-RNWXS,0,0.2713242472773026,No
7055-HNEOJ,1,0.6697307804629,Yes
7134-MJPDY,0,0.3153677081005936,No
4560-WQAQW,0,0.06307858227252632,No
8532-UEFWH,0,0.04714343693259828,No
8541-QVFKM,1,0.8404407586443178,Yes
7129-ACFOG,0,0.4330375891335636,No
2495-INZWQ,1,0.6437585527337727,Yes
0263-FJTQO,0,0.026551764739402507,No
0181-RITDD,0,0.17019468925755143,No
8241-JUIQO,0,0.022344714922204422,No
0913-XWSCN,0,0.4490099015939128,No
2159-TURXX,0,0.2403989346050001,No
6461-PPAXN,0,0.09133773434033199,No
1452-KIOVK,1,0.6840330251482852,Yes
1139-WUOAH,0,0.02239656345866699,No
3207-OYBWH,0,0.2863205395107807,No
8347-GDTMP,0,0.007600540273871051,No
9909-DFRJA,0,0.2429504020420371,No
6383-ZTSIW,0,0.2915259097689736,No
5438-QMDDL,0,0.4328393334438019,No
8914-RBTSB,1,0.5274937845508305,Yes
6164-HXUGH,0,0.24109125444473153,No
6900-RBKER,0,0.06990205666624717,No
1492-QGCLU,0,0.2602946029546203,No
6664-FPDAC,0,0.2550218132057341,No
1088-AUUZZ,0,0.024282643101062953,No
6651-AZVTJ,1,0.6700702896386775,Yes
8219-VYBVI,0,0.014582017329992427,No
0310-MVLET,1,0.5216129881578565,Yes
7233-IOQNP,0,0.2081078939438931,No
7311-MQJCH,0,0.11520295785775252,No
9256-JTBNZ,0,0.17630898712066775,No
8713-IGZSO,1,0.5181705839321099,Yes
6821-BUXUX,1,0.7472227269336941,Yes
9114-DPSIA,0,0.013433838628781294,No
4501-UYKBC,0,0.16177775126101912,No
2798-NYLMZ,0,0.1399942556260468,No
6711-VTNRE,1,0.6107276577484618,Yes
5966-EMAZU,0,0.3043415479440455,No
3627-FHKBK,1,0.7172773476698543,Yes
7861-UVUFT,1,0.7672750950622564,Yes
9824-QCJPK,0,0.029546272616592123,No
7816-VGHTO,0,0.04576712855387769,No
3794-NFNCH,0,0.22201499712890993,No
3877-JRJIP,1,0.7671642127826978,Yes
5228-EXCET,1,0.7567653385425946,Yes
6248-BSHKG,0,0.0146008300964357,No
8915-NNTRC,0,0.041760544220583735,No
3470-OBUET,0,0.027405542706891838,No
3229-USWAR,0,0.13165946408993587,No
1927-QEWMY,0,0.003577074571765096,No
6374-AFWOX,0,0.02921278808375578,No
7912-SYRQT,1,0.7899500851560958,Yes
2070-FNEXE,1,0.779493855910725,Yes
5803-NQJZO,0,0.013204070399386722,No
5651-YLPRD,1,0.7402255589836974,Yes
1271-UODNO,0,0.04473873076259318,No
5014-WUQMG,0,0.2640808363167105,No
5889-JTMUL,1,0.5198080001340422,Yes
0788-DXBFY,0,0.035725358855374395,No
2669-QVCRG,1,0.5640791972477536,Yes
6630-UJZMY,1,0.8824043342698982,Yes
5061-PBXFW,0,0.2146284323502956,No
2700-LUEVA,1,0.7384630473822037,Yes
3865-ZFZIB,0,0.017141620256264763,No
0471-ARVMX,0,0.40965556897096794,No
8985-OOPOS,0,0.16671313742554073,No
0719-SYFRB,0,0.27990803600716546,No
0447-BEMNG,0,0.16807621131779063,No
5630-AHZIL,0,0.3189556836125231,No
2190-BCXEC,1,0.5230489567274162,Yes
1559-DTODC,0,0.2416479753573734,No
3244-DCJWY,1,0.9563151880551753,Yes
3967-VQOGC,0,0.00834440297400288,No
0265-PSUAE,1,0.7405388329763406,Yes
1622-HSHSF,1,0.571884357395627,Yes
9867-XOBQA,0,0.0424456020944845,No
6773-LQTVT,0,0.23916480952024757,No
4332-MUOEZ,0,0.31151727273398205,No
0023-XUOPT,1,0.7077448023756148,Yes
6543-CPZMK,1,0.5219187081505009,Yes
6418-HNFED,0,0.03822227384933758,No
1036-GUDCL,0,0.16613902443923065,No
4818-QIUFN,1,0.5750567468364517,Yes
0778-NELLA,0,0.4804949484008076,No
7495-OOKFY,1,0.8647944181676217,Yes
4737-HOBAX,0,0.03896305267358394,No
7919-ZODZZ,0,0.16577590496426997,No
2988-PLAHS,0,0.3234774538031439,No
9067-SQTNS,0,0.027720921052738944,No
6483-OATDN,0,0.4943232304067746,No
5469-CTCWN,0,0.42408386940484083,No
3524-WQDSG,1,0.7224036770470018,Yes
6968-URWQU,0,0.201189093614228,No
8601-QACRS,1,0.6326493750593668,Yes
8690-UPCZI,0,0.07980055624253683,No
5331-RGMTT,1,0.6596217551899829,Yes
1357-BIJKI,0,0.31043988282433066,No
2088-IEBAU,0,0.024367965178587636,No
0679-IDSTG,1,0.9666377164160159,Yes
6519-ZHPXP,0,0.12374065372348124,No
2101-RANCD,0,0.3300785430850239,No
4029-HPFVY,1,0.8304878991794848,Yes
1015-OWJKI,0,0.23055482074743408,No
8314-HTWVE,0,0.05590266792663597,No
5357-TZHPP,1,0.8510768570219627,Yes
8727-XDPUD,0,0.04778687658884092,No
9073-ZZIAY,0,0.03787810942542547,No
5181-OABFK,0,0.02199767831648571,No
3812-LRZIR,0,0.13901075152316436,No
5204-HMGYF,0,0.13246082714073948,No
9950-MTGYX,0,0.012993672314118286,No
3675-EQOZA,0,0.2738774857195201,No
3646-ITDGM,0,0.022005797774742444,No
3913-FCUUW,0,0.016197642541562817,No
